{
  "generated_on": "2025-11-29T11:36:42.317082",
  "report": {
    "title": "Canada Military Computer Market",
    "report_code": "AD3653",
    "publish_date": "05-Nov-2025",
    "pages": 82,
    "market_size_2025_usd_million": 553.33,
    "revenue_forecast_2030_usd_million": 770.1,
    "cagr_2025_2030_percent": 6.8,
    "analysis_period": "2024-2030",
    "base_year": 2024,
    "forecast_period": "2025-2030",
    "num_tables": 117,
    "num_figures": 62,
    "key_players": [
      "BAE Systems",
      "Curtiss-Wright Corporation",
      "Kontron AG",
      "Microchip Technology Inc.",
      "Collins Aerospace",
      "Intel Corporation",
      "Barco NV",
      "Captec Plc.",
      "Dell Technologies",
      "Advanced Micro Devices, Inc.",
      "Rambus",
      "Core System",
      "Panasonic Holdings Corporation",
      "Rheinmetall AG",
      "Teledyne Technologies Incorporated"
    ],
    "source_url": "https://www.nextmsc.com/report/canada-military-computer-market-ad3653"
  },
  "files": [
    "data.csv",
    "summary.txt",
    "metadata.json",
    "README.md"
  ]
}